<?xml version="1.0" encoding="utf-8" ?><dwsync><file name="api-buttons.html" server="students.depaul.edu" local="3410450800" remote="12001860650" /><file name="buttons-events.html" server="students.depaul.edu" local="3410450800" remote="12001860650" /><file name="buttons-grouped.html" server="students.depaul.edu" local="3410450800" remote="12001860650" /><file name="buttons-icons.html" server="students.depaul.edu" local="3410450800" remote="12001860650" /><file name="buttons-inline.html" server="students.depaul.edu" local="3410450800" remote="12001860650" /><file name="buttons-methods.html" server="students.depaul.edu" local="3410450800" remote="12001860650" /><file name="buttons-options.html" server="students.depaul.edu" local="3410450800" remote="12001860650" /><file name="buttons-themes.html" server="students.depaul.edu" local="3410450800" remote="12001860650" /><file name="buttons-types.html" server="students.depaul.edu" local="3410450800" remote="12001860650" /><file name="index.html" server="students.depaul.edu" local="3410450800" remote="12001860651" /></dwsync>