<?xml version="1.0" encoding="utf-8" ?><dwsync><file name="px-ccc.gif" server="students.depaul.edu" local="3410450800" remote="12001860646" /><file name="ios_icon.png" server="students.depaul.edu" local="3410450800" remote="12001860645" /><file name="ios_startup.png" server="students.depaul.edu" local="3410450800" remote="12001860646" /><file name="jqm-sitebg.png" server="students.depaul.edu" local="3410450800" remote="12001860646" /><file name="jquery-logo.png" server="students.depaul.edu" local="3410450800" remote="12001860646" /><file name="mobile-devices.png" server="students.depaul.edu" local="3410450800" remote="12001860646" /><file name="themroller-mobile-logo.png" server="students.depaul.edu" local="3410450800" remote="12001860646" /><file name="version.png" server="students.depaul.edu" local="3410450800" remote="12001860646" /></dwsync>