<?xml version="1.0" encoding="utf-8" ?><dwsync><file name="dialogTransition.html" server="students.depaul.edu" local="3410450800" remote="12001860651" /><file name="index.html" server="students.depaul.edu" local="3410450800" remote="12001860651" /><file name="iOSFullscreen.html" server="students.depaul.edu" local="3410450800" remote="12001860651" /><file name="jq17b1.html" server="students.depaul.edu" local="3410450800" remote="12001860651" /><file name="loadingMessage.html" server="students.depaul.edu" local="3410450800" remote="12001860651" /><file name="minScrollBack.html" server="students.depaul.edu" local="3410450800" remote="12001860651" /><file name="pageLoadErrorMessage.html" server="students.depaul.edu" local="3410450800" remote="12001860651" /><file name="pageTransition.html" server="students.depaul.edu" local="3410450800" remote="12001860652" /><file name="pushState.html" server="students.depaul.edu" local="3410450800" remote="12001860652" /><file name="touchOverflow.html" server="students.depaul.edu" local="3410450800" remote="12001860652" /></dwsync>