<?xml version="1.0" encoding="utf-8" ?><dwsync><file name="bannerForApp.png" server="students.depaul.edu" local="3411352798" remote="12001857968" /><file name="brokenHeart.png" server="students.depaul.edu" local="3411352798" remote="12001857968" /><file name="DefaultSplash.png" server="students.depaul.edu" local="3411352798" remote="12001857968" /><file name="DefaultSplashCrop.png" server="students.depaul.edu" local="3411352798" remote="12001857968" /><file name="heart.png" server="students.depaul.edu" local="3411352798" remote="12001857969" /><file name="leave_button.png" server="students.depaul.edu" local="3411352798" remote="12001857969" /><file name="leave_button_down.png" server="students.depaul.edu" local="3411352798" remote="12001857969" /><file name="lioli-icon3.png" server="students.depaul.edu" local="3411352798" remote="12001857969" /><file name="love_button.png" server="students.depaul.edu" local="3411352798" remote="12001857969" /><file name="love_button_down.png" server="students.depaul.edu" local="3411352798" remote="12001857969" /><file name="next.png" server="students.depaul.edu" local="3411352798" remote="12001857970" /><file name="question-mark.png" server="students.depaul.edu" local="3411352798" remote="12001857970" /><file name="submit.png" server="students.depaul.edu" local="3411352798" remote="12001857970" /><file name="submitBlue.png" server="students.depaul.edu" local="3411352798" remote="12001857970" /><file name="submitPink.png" server="students.depaul.edu" local="3411352798" remote="12001857970" /><file name=".DS_Store" server="students.depaul.edu" local="3411614216" remote="12001857968" /><file name="brokenHeart2x.png" server="students.depaul.edu" local="3411352798" remote="12001857968" /><file name="DefaultSplash2x.png" server="students.depaul.edu" local="3411352798" remote="12001857968" /><file name="DefaultSplash2xCrop.png" server="students.depaul.edu" local="3411352798" remote="12001857968" /><file name="heart2x.png" server="students.depaul.edu" local="3411352798" remote="12001857969" /><file name="leave_button2x.png" server="students.depaul.edu" local="3411352798" remote="12001857969" /><file name="leave_button_down2x.png" server="students.depaul.edu" local="3411352798" remote="12001857969" /><file name="lioli-icon32x.png" server="students.depaul.edu" local="3411352798" remote="12001857969" /><file name="love_button2x.png" server="students.depaul.edu" local="3411352798" remote="12001857969" /><file name="love_button_down2x.png" server="students.depaul.edu" local="3411352798" remote="12001857970" /><file name="next2x.png" server="students.depaul.edu" local="3411352798" remote="12001857970" /><file name="question-mark2x.png" server="students.depaul.edu" local="3411352798" remote="12001857970" /><file name="submit2x.png" server="students.depaul.edu" local="3411352798" remote="12001857970" /><file name="submitBlue2x.png" server="students.depaul.edu" local="3411352798" remote="12001857970" /><file name="submitPink2x.png" server="students.depaul.edu" local="3411352798" remote="12001857971" /></dwsync>