<?xml version="1.0" encoding="utf-8" ?><dwsync><file name="dialog-alt.html" server="students.depaul.edu" local="3410450800" remote="12001860665" /><file name="dialog-buttons.html" server="students.depaul.edu" local="3410450800" remote="12001860665" /><file name="dialog-overlay.html" server="students.depaul.edu" local="3410450800" remote="12001860665" /><file name="dialog-success.html" server="students.depaul.edu" local="3410450800" remote="12001860665" /><file name="dialog-with-select.html" server="students.depaul.edu" local="3410450800" remote="12001860665" /><file name="dialog.html" server="students.depaul.edu" local="3410450800" remote="12001860665" /><file name="index.html" server="students.depaul.edu" local="3410450800" remote="12001860667" /><file name="multipage-template.html" server="students.depaul.edu" local="3410450800" remote="12001860667" /><file name="page-anatomy.html" server="students.depaul.edu" local="3410450800" remote="12001860667" /><file name="page-cache.html" server="students.depaul.edu" local="3410450800" remote="12001860667" /><file name="page-dialogs.html" server="students.depaul.edu" local="3410450800" remote="12001860667" /><file name="page-dynamic.html" server="students.depaul.edu" local="3410450800" remote="12001860668" /><file name="page-links.html" server="students.depaul.edu" local="3410450800" remote="12001860668" /><file name="page-navmodel.html" server="students.depaul.edu" local="3410450800" remote="12001860668" /><file name="page-scripting.html" server="students.depaul.edu" local="3410450800" remote="12001860668" /><file name="page-template.html" server="students.depaul.edu" local="3410450800" remote="12001860668" /><file name="page-titles.html" server="students.depaul.edu" local="3410450800" remote="12001860668" /><file name="page-transitions.html" server="students.depaul.edu" local="3410450800" remote="12001860668" /><file name="pages-themes.html" server="students.depaul.edu" local="3410450800" remote="12001860669" /><file name="phonegap.html" server="students.depaul.edu" local="3410450800" remote="12001860669" /><file name="touchoverflow.html" server="students.depaul.edu" local="3410450800" remote="12001860670" /><file name="transition-success.html" server="students.depaul.edu" local="3410450800" remote="12001860670" /></dwsync>