<?xml version="1.0" encoding="UTF-8"?>

<faces-config
    xmlns="http://java.sun.com/xml/ns/javaee"
    xmlns:xsi="http://www.w3.org/2001/XMLSchema-instance"
    xsi:schemaLocation="http://java.sun.com/xml/ns/javaee http://java.sun.com/xml/ns/javaee/web-facesconfig_2_0.xsd"
    version="2.0">
	<managed-bean>
		<managed-bean-name>addAccount</managed-bean-name>
		<managed-bean-class>edu.se.finaljsf.beans.AddAccount</managed-bean-class>
		<managed-bean-scope>session</managed-bean-scope>
	</managed-bean>
	<managed-bean>
		<managed-bean-name>showAllAccounts</managed-bean-name>
		<managed-bean-class>edu.se.finaljsf.beans.ShowAllAccounts</managed-bean-class>
		<managed-bean-scope>session</managed-bean-scope>
	</managed-bean>
	<managed-bean>
		<managed-bean-name>makeDeposit</managed-bean-name>
		<managed-bean-class>edu.se.finaljsf.beans.MakeDeposit</managed-bean-class>
		<managed-bean-scope>session</managed-bean-scope>
	</managed-bean>
	<managed-bean>
		<managed-bean-name>withdrawAccount</managed-bean-name>
		<managed-bean-class>edu.se.finaljsf.beans.WithdrawAccount</managed-bean-class>
		<managed-bean-scope>session</managed-bean-scope>
	</managed-bean>
	<managed-bean>
		<managed-bean-name>closeAccount</managed-bean-name>
		<managed-bean-class>edu.se.finaljsf.beans.CloseAccount</managed-bean-class>
		<managed-bean-scope>session</managed-bean-scope>
	</managed-bean>
	
</faces-config>
