<?xml version="1.0" encoding="utf-8" ?><dwsync><file name="jquery.mobile.scrollview.css" server="students.depaul.edu" local="3410450800" remote="12001860675" /><file name="index.html" server="students.depaul.edu" local="3410450800" remote="12001860675" /><file name="lists-divider.html" server="students.depaul.edu" local="3410450800" remote="12001860675" /><file name="scrollview-direction.html" server="students.depaul.edu" local="3410450800" remote="12001860675" /><file name="scrollview-nested.html" server="students.depaul.edu" local="3410450800" remote="12001860675" /><file name="sv-test-01.html" server="students.depaul.edu" local="3410450800" remote="12001860675" /><file name="sv-test-02.html" server="students.depaul.edu" local="3410450800" remote="12001860676" /><file name="jquery.easing.1.3.js" server="students.depaul.edu" local="3410450800" remote="12001860675" /><file name="jquery.mobile.scrollview.js" server="students.depaul.edu" local="3410450800" remote="12001860675" /><file name="scrollview.js" server="students.depaul.edu" local="3410450800" remote="12001860675" /></dwsync>