<?xml version="1.0" encoding="utf-8" ?><dwsync><file name="09-chat2.png" server="students.depaul.edu" local="3410450800" remote="12001860671" /><file name="100-coffee.png" server="students.depaul.edu" local="3410450800" remote="12001860671" /><file name="18-envelope.png" server="students.depaul.edu" local="3410450800" remote="12001860671" /><file name="19-gear.png" server="students.depaul.edu" local="3410450800" remote="12001860671" /><file name="21-skull.png" server="students.depaul.edu" local="3410450800" remote="12001860671" /><file name="30-key.png" server="students.depaul.edu" local="3410450800" remote="12001860671" /><file name="34-coffee.png" server="students.depaul.edu" local="3410450800" remote="12001860672" /><file name="88-beermug.png" server="students.depaul.edu" local="3410450800" remote="12001860672" /><file name="Read me first - license.txt" server="students.depaul.edu" local="3410450800" remote="12001860672" /></dwsync>