<?xml version="1.0" encoding="utf-8" ?><dwsync><file name="bars-fixed.html" server="students.depaul.edu" local="3410450800" remote="12001860670" /><file name="bars-fullscreen.html" server="students.depaul.edu" local="3410450800" remote="12001860670" /><file name="bars-themes.html" server="students.depaul.edu" local="3410450800" remote="12001860670" /><file name="docs-bars.html" server="students.depaul.edu" local="3410450800" remote="12001860670" /><file name="docs-footers.html" server="students.depaul.edu" local="3410450800" remote="12001860670" /><file name="docs-headers.html" server="students.depaul.edu" local="3410450800" remote="12001860670" /><file name="docs-navbar.html" server="students.depaul.edu" local="3410450800" remote="12001860671" /><file name="footer-persist-a.html" server="students.depaul.edu" local="3410450800" remote="12001860671" /><file name="footer-persist-b.html" server="students.depaul.edu" local="3410450800" remote="12001860671" /><file name="footer-persist-c.html" server="students.depaul.edu" local="3410450800" remote="12001860671" /><file name="index.html" server="students.depaul.edu" local="3410450800" remote="12001860673" /></dwsync>