<?xml version="1.0" encoding="utf-8"?>
<!-- This file is auto-generated, do not edit! -jm -->
<GapSourceDictionary>
    <FilePath Value="www\.gitignore"/>
    <FilePath Value="www\icon.png"/>
    <FilePath Value="www\index.html"/>
    <FilePath Value="www\phonegap.js"/>
    <FilePath Value="www\randomPage.html"/>
    <FilePath Value="www\readme.md"/>
    <FilePath Value="www\singleEntryPage.html"/>
    <FilePath Value="www\static\css\lioli-default.css"/>
    <FilePath Value="www\static\font\Arial_Rounded_Bold.eot"/>
    <FilePath Value="www\static\font\Arial_Rounded_Bold.ttf"/>
    <FilePath Value="www\static\images\bannerForApp.png"/>
    <FilePath Value="www\static\images\DefaultSplash.png"/>
    <FilePath Value="www\static\images\DefaultSplash2x.png"/>
    <FilePath Value="www\static\images\DefaultSplash2xCrop.png"/>
    <FilePath Value="www\static\images\DefaultSplashCrop.png"/>
    <FilePath Value="www\static\images\lioli-icon3.png"/>
    <FilePath Value="www\static\images\lioli-icon32x.png"/>
    <FilePath Value="www\static\images\tabbar\broken-icon-white.png"/>
    <FilePath Value="www\static\images\tabbar\bubble-icon-white.png"/>
    <FilePath Value="www\static\images\tabbar\heart-icon-white.png"/>
    <FilePath Value="www\static\images\tabbar\magnify-icon-white.png"/>
    <FilePath Value="www\static\images\tabbar\question-icon-white.png"/>
    <FilePath Value="www\static\images\votebuttons\leaveButton.png"/>
    <FilePath Value="www\static\images\votebuttons\loveButton.png"/>
    <FilePath Value="www\static\images\votebuttons\NextButton.png"/>
    <FilePath Value="www\static\javascript\jquery-1.6.4.min.js"/>
    <FilePath Value="www\static\javascript\lioli.js"/>
    <FilePath Value="www\static\jquery.mobile-1.0.1\jquery.mobile-1.0.1.css"/>
    <FilePath Value="www\static\jquery.mobile-1.0.1\jquery.mobile-1.0.1.js"/>
    <FilePath Value="www\static\jquery.mobile-1.0.1\jquery.mobile-1.0.1.min.css"/>
    <FilePath Value="www\static\jquery.mobile-1.0.1\jquery.mobile-1.0.1.min.js"/>
    <FilePath Value="www\static\jquery.mobile-1.0.1\jquery.mobile.structure-1.0.1.css"/>
    <FilePath Value="www\static\jquery.mobile-1.0.1\jquery.mobile.structure-1.0.1.min.css"/>
    <FilePath Value="www\static\jquery.mobile-1.0.1\demos\index.html"/>
    <FilePath Value="www\static\jquery.mobile-1.0.1\demos\jquery.js"/>
    <FilePath Value="www\static\jquery.mobile-1.0.1\demos\jquery.mobile-1.0.1.min.css"/>
    <FilePath Value="www\static\jquery.mobile-1.0.1\demos\jquery.mobile-1.0.1.min.js"/>
    <FilePath Value="www\static\jquery.mobile-1.0.1\demos\docs\index.html"/>
    <FilePath Value="www\static\jquery.mobile-1.0.1\demos\docs\about\accessibility.html"/>
    <FilePath Value="www\static\jquery.mobile-1.0.1\demos\docs\about\features.html"/>
    <FilePath Value="www\static\jquery.mobile-1.0.1\demos\docs\about\getting-started.html"/>
    <FilePath Value="www\static\jquery.mobile-1.0.1\demos\docs\about\index.html"/>
    <FilePath Value="www\static\jquery.mobile-1.0.1\demos\docs\about\intro.html"/>
    <FilePath Value="www\static\jquery.mobile-1.0.1\demos\docs\about\platforms.html"/>
    <FilePath Value="www\static\jquery.mobile-1.0.1\demos\docs\api\data-attributes.html"/>
    <FilePath Value="www\static\jquery.mobile-1.0.1\demos\docs\api\events.html"/>
    <FilePath Value="www\static\jquery.mobile-1.0.1\demos\docs\api\globalconfig.html"/>
    <FilePath Value="www\static\jquery.mobile-1.0.1\demos\docs\api\index.html"/>
    <FilePath Value="www\static\jquery.mobile-1.0.1\demos\docs\api\mediahelpers.html"/>
    <FilePath Value="www\static\jquery.mobile-1.0.1\demos\docs\api\methods.html"/>
    <FilePath Value="www\static\jquery.mobile-1.0.1\demos\docs\api\themes.html"/>
    <FilePath Value="www\static\jquery.mobile-1.0.1\demos\docs\buttons\api-buttons.html"/>
    <FilePath Value="www\static\jquery.mobile-1.0.1\demos\docs\buttons\buttons-events.html"/>
    <FilePath Value="www\static\jquery.mobile-1.0.1\demos\docs\buttons\buttons-grouped.html"/>
    <FilePath Value="www\static\jquery.mobile-1.0.1\demos\docs\buttons\buttons-icons.html"/>
    <FilePath Value="www\static\jquery.mobile-1.0.1\demos\docs\buttons\buttons-inline.html"/>
    <FilePath Value="www\static\jquery.mobile-1.0.1\demos\docs\buttons\buttons-methods.html"/>
    <FilePath Value="www\static\jquery.mobile-1.0.1\demos\docs\buttons\buttons-options.html"/>
    <FilePath Value="www\static\jquery.mobile-1.0.1\demos\docs\buttons\buttons-themes.html"/>
    <FilePath Value="www\static\jquery.mobile-1.0.1\demos\docs\buttons\buttons-types.html"/>
    <FilePath Value="www\static\jquery.mobile-1.0.1\demos\docs\buttons\index.html"/>
    <FilePath Value="www\static\jquery.mobile-1.0.1\demos\docs\config\dialogTransition.html"/>
    <FilePath Value="www\static\jquery.mobile-1.0.1\demos\docs\config\index.html"/>
    <FilePath Value="www\static\jquery.mobile-1.0.1\demos\docs\config\iOSFullscreen.html"/>
    <FilePath Value="www\static\jquery.mobile-1.0.1\demos\docs\config\jq17b1.html"/>
    <FilePath Value="www\static\jquery.mobile-1.0.1\demos\docs\config\loadingMessage.html"/>
    <FilePath Value="www\static\jquery.mobile-1.0.1\demos\docs\config\minScrollBack.html"/>
    <FilePath Value="www\static\jquery.mobile-1.0.1\demos\docs\config\pageLoadErrorMessage.html"/>
    <FilePath Value="www\static\jquery.mobile-1.0.1\demos\docs\config\pageTransition.html"/>
    <FilePath Value="www\static\jquery.mobile-1.0.1\demos\docs\config\pushState.html"/>
    <FilePath Value="www\static\jquery.mobile-1.0.1\demos\docs\config\touchOverflow.html"/>
    <FilePath Value="www\static\jquery.mobile-1.0.1\demos\docs\content\api-content.html"/>
    <FilePath Value="www\static\jquery.mobile-1.0.1\demos\docs\content\content-collapsible-set.html"/>
    <FilePath Value="www\static\jquery.mobile-1.0.1\demos\docs\content\content-collapsible.html"/>
    <FilePath Value="www\static\jquery.mobile-1.0.1\demos\docs\content\content-grids.html"/>
    <FilePath Value="www\static\jquery.mobile-1.0.1\demos\docs\content\content-html.html"/>
    <FilePath Value="www\static\jquery.mobile-1.0.1\demos\docs\content\content-themes.html"/>
    <FilePath Value="www\static\jquery.mobile-1.0.1\demos\docs\content\index.html"/>
    <FilePath Value="www\static\jquery.mobile-1.0.1\demos\docs\forms\docs-forms.html"/>
    <FilePath Value="www\static\jquery.mobile-1.0.1\demos\docs\forms\forms-all-native.html"/>
    <FilePath Value="www\static\jquery.mobile-1.0.1\demos\docs\forms\forms-all.html"/>
    <FilePath Value="www\static\jquery.mobile-1.0.1\demos\docs\forms\forms-sample-response.php"/>
    <FilePath Value="www\static\jquery.mobile-1.0.1\demos\docs\forms\forms-sample-selfsubmit.php"/>
    <FilePath Value="www\static\jquery.mobile-1.0.1\demos\docs\forms\forms-sample.html"/>
    <FilePath Value="www\static\jquery.mobile-1.0.1\demos\docs\forms\forms-themes.html"/>
    <FilePath Value="www\static\jquery.mobile-1.0.1\demos\docs\forms\index.html"/>
    <FilePath Value="www\static\jquery.mobile-1.0.1\demos\docs\forms\plugin-eventsmethods.html"/>
    <FilePath Value="www\static\jquery.mobile-1.0.1\demos\docs\forms\checkboxes\events.html"/>
    <FilePath Value="www\static\jquery.mobile-1.0.1\demos\docs\forms\checkboxes\index.html"/>
    <FilePath Value="www\static\jquery.mobile-1.0.1\demos\docs\forms\checkboxes\methods.html"/>
    <FilePath Value="www\static\jquery.mobile-1.0.1\demos\docs\forms\checkboxes\options.html"/>
    <FilePath Value="www\static\jquery.mobile-1.0.1\demos\docs\forms\radiobuttons\events.html"/>
    <FilePath Value="www\static\jquery.mobile-1.0.1\demos\docs\forms\radiobuttons\index.html"/>
    <FilePath Value="www\static\jquery.mobile-1.0.1\demos\docs\forms\radiobuttons\methods.html"/>
    <FilePath Value="www\static\jquery.mobile-1.0.1\demos\docs\forms\radiobuttons\options.html"/>
    <FilePath Value="www\static\jquery.mobile-1.0.1\demos\docs\forms\search\events.html"/>
    <FilePath Value="www\static\jquery.mobile-1.0.1\demos\docs\forms\search\index.html"/>
    <FilePath Value="www\static\jquery.mobile-1.0.1\demos\docs\forms\search\methods.html"/>
    <FilePath Value="www\static\jquery.mobile-1.0.1\demos\docs\forms\search\options.html"/>
    <FilePath Value="www\static\jquery.mobile-1.0.1\demos\docs\forms\selects\custom.html"/>
    <FilePath Value="www\static\jquery.mobile-1.0.1\demos\docs\forms\selects\events.html"/>
    <FilePath Value="www\static\jquery.mobile-1.0.1\demos\docs\forms\selects\index.html"/>
    <FilePath Value="www\static\jquery.mobile-1.0.1\demos\docs\forms\selects\methods.html"/>
    <FilePath Value="www\static\jquery.mobile-1.0.1\demos\docs\forms\selects\options.html"/>
    <FilePath Value="www\static\jquery.mobile-1.0.1\demos\docs\forms\slider\events.html"/>
    <FilePath Value="www\static\jquery.mobile-1.0.1\demos\docs\forms\slider\index.html"/>
    <FilePath Value="www\static\jquery.mobile-1.0.1\demos\docs\forms\slider\methods.html"/>
    <FilePath Value="www\static\jquery.mobile-1.0.1\demos\docs\forms\slider\options.html"/>
    <FilePath Value="www\static\jquery.mobile-1.0.1\demos\docs\forms\switch\events.html"/>
    <FilePath Value="www\static\jquery.mobile-1.0.1\demos\docs\forms\switch\index.html"/>
    <FilePath Value="www\static\jquery.mobile-1.0.1\demos\docs\forms\switch\methods.html"/>
    <FilePath Value="www\static\jquery.mobile-1.0.1\demos\docs\forms\switch\options.html"/>
    <FilePath Value="www\static\jquery.mobile-1.0.1\demos\docs\forms\textinputs\events.html"/>
    <FilePath Value="www\static\jquery.mobile-1.0.1\demos\docs\forms\textinputs\index.html"/>
    <FilePath Value="www\static\jquery.mobile-1.0.1\demos\docs\forms\textinputs\methods.html"/>
    <FilePath Value="www\static\jquery.mobile-1.0.1\demos\docs\forms\textinputs\options.html"/>
    <FilePath Value="www\static\jquery.mobile-1.0.1\demos\docs\lists\docs-lists.html"/>
    <FilePath Value="www\static\jquery.mobile-1.0.1\demos\docs\lists\index.html"/>
    <FilePath Value="www\static\jquery.mobile-1.0.1\demos\docs\lists\lists-all-full.html"/>
    <FilePath Value="www\static\jquery.mobile-1.0.1\demos\docs\lists\lists-count.html"/>
    <FilePath Value="www\static\jquery.mobile-1.0.1\demos\docs\lists\lists-divider.html"/>
    <FilePath Value="www\static\jquery.mobile-1.0.1\demos\docs\lists\lists-formatting.html"/>
    <FilePath Value="www\static\jquery.mobile-1.0.1\demos\docs\lists\lists-forms-inset.html"/>
    <FilePath Value="www\static\jquery.mobile-1.0.1\demos\docs\lists\lists-forms.html"/>
    <FilePath Value="www\static\jquery.mobile-1.0.1\demos\docs\lists\lists-icons.html"/>
    <FilePath Value="www\static\jquery.mobile-1.0.1\demos\docs\lists\lists-inset.html"/>
    <FilePath Value="www\static\jquery.mobile-1.0.1\demos\docs\lists\lists-nested.html"/>
    <FilePath Value="www\static\jquery.mobile-1.0.1\demos\docs\lists\lists-ol.html"/>
    <FilePath Value="www\static\jquery.mobile-1.0.1\demos\docs\lists\lists-performance.html"/>
    <FilePath Value="www\static\jquery.mobile-1.0.1\demos\docs\lists\lists-readonly-inset.html"/>
    <FilePath Value="www\static\jquery.mobile-1.0.1\demos\docs\lists\lists-readonly.html"/>
    <FilePath Value="www\static\jquery.mobile-1.0.1\demos\docs\lists\lists-search-filtertext.html"/>
    <FilePath Value="www\static\jquery.mobile-1.0.1\demos\docs\lists\lists-search-inset.html"/>
    <FilePath Value="www\static\jquery.mobile-1.0.1\demos\docs\lists\lists-search-with-dividers.html"/>
    <FilePath Value="www\static\jquery.mobile-1.0.1\demos\docs\lists\lists-search.html"/>
    <FilePath Value="www\static\jquery.mobile-1.0.1\demos\docs\lists\lists-split-purchase.html"/>
    <FilePath Value="www\static\jquery.mobile-1.0.1\demos\docs\lists\lists-split.html"/>
    <FilePath Value="www\static\jquery.mobile-1.0.1\demos\docs\lists\lists-themes.html"/>
    <FilePath Value="www\static\jquery.mobile-1.0.1\demos\docs\lists\lists-thumbnails.html"/>
    <FilePath Value="www\static\jquery.mobile-1.0.1\demos\docs\lists\lists-ul.html"/>
    <FilePath Value="www\static\jquery.mobile-1.0.1\demos\docs\lists\images\album-af.jpg"/>
    <FilePath Value="www\static\jquery.mobile-1.0.1\demos\docs\lists\images\album-ag.jpg"/>
    <FilePath Value="www\static\jquery.mobile-1.0.1\demos\docs\lists\images\album-bb.jpg"/>
    <FilePath Value="www\static\jquery.mobile-1.0.1\demos\docs\lists\images\album-bk.jpg"/>
    <FilePath Value="www\static\jquery.mobile-1.0.1\demos\docs\lists\images\album-hc.jpg"/>
    <FilePath Value="www\static\jquery.mobile-1.0.1\demos\docs\lists\images\album-k.jpg"/>
    <FilePath Value="www\static\jquery.mobile-1.0.1\demos\docs\lists\images\album-mg.jpg"/>
    <FilePath Value="www\static\jquery.mobile-1.0.1\demos\docs\lists\images\album-ok.jpg"/>
    <FilePath Value="www\static\jquery.mobile-1.0.1\demos\docs\lists\images\album-p.jpg"/>
    <FilePath Value="www\static\jquery.mobile-1.0.1\demos\docs\lists\images\album-rh.jpg"/>
    <FilePath Value="www\static\jquery.mobile-1.0.1\demos\docs\lists\images\album-ws.jpg"/>
    <FilePath Value="www\static\jquery.mobile-1.0.1\demos\docs\lists\images\album-xx.jpg"/>
    <FilePath Value="www\static\jquery.mobile-1.0.1\demos\docs\lists\images\de.png"/>
    <FilePath Value="www\static\jquery.mobile-1.0.1\demos\docs\lists\images\fi.png"/>
    <FilePath Value="www\static\jquery.mobile-1.0.1\demos\docs\lists\images\gb.png"/>
    <FilePath Value="www\static\jquery.mobile-1.0.1\demos\docs\lists\images\gf.png"/>
    <FilePath Value="www\static\jquery.mobile-1.0.1\demos\docs\lists\images\sj.png"/>
    <FilePath Value="www\static\jquery.mobile-1.0.1\demos\docs\lists\images\us.png"/>
    <FilePath Value="www\static\jquery.mobile-1.0.1\demos\docs\pages\dialog-alt.html"/>
    <FilePath Value="www\static\jquery.mobile-1.0.1\demos\docs\pages\dialog-buttons.html"/>
    <FilePath Value="www\static\jquery.mobile-1.0.1\demos\docs\pages\dialog-overlay.html"/>
    <FilePath Value="www\static\jquery.mobile-1.0.1\demos\docs\pages\dialog-success.html"/>
    <FilePath Value="www\static\jquery.mobile-1.0.1\demos\docs\pages\dialog-with-select.html"/>
    <FilePath Value="www\static\jquery.mobile-1.0.1\demos\docs\pages\dialog.html"/>
    <FilePath Value="www\static\jquery.mobile-1.0.1\demos\docs\pages\index.html"/>
    <FilePath Value="www\static\jquery.mobile-1.0.1\demos\docs\pages\multipage-template.html"/>
    <FilePath Value="www\static\jquery.mobile-1.0.1\demos\docs\pages\page-anatomy.html"/>
    <FilePath Value="www\static\jquery.mobile-1.0.1\demos\docs\pages\page-cache.html"/>
    <FilePath Value="www\static\jquery.mobile-1.0.1\demos\docs\pages\page-dialogs.html"/>
    <FilePath Value="www\static\jquery.mobile-1.0.1\demos\docs\pages\page-dynamic.html"/>
    <FilePath Value="www\static\jquery.mobile-1.0.1\demos\docs\pages\page-links.html"/>
    <FilePath Value="www\static\jquery.mobile-1.0.1\demos\docs\pages\page-navmodel.html"/>
    <FilePath Value="www\static\jquery.mobile-1.0.1\demos\docs\pages\page-scripting.html"/>
    <FilePath Value="www\static\jquery.mobile-1.0.1\demos\docs\pages\page-template.html"/>
    <FilePath Value="www\static\jquery.mobile-1.0.1\demos\docs\pages\page-titles.html"/>
    <FilePath Value="www\static\jquery.mobile-1.0.1\demos\docs\pages\page-transitions.html"/>
    <FilePath Value="www\static\jquery.mobile-1.0.1\demos\docs\pages\pages-themes.html"/>
    <FilePath Value="www\static\jquery.mobile-1.0.1\demos\docs\pages\phonegap.html"/>
    <FilePath Value="www\static\jquery.mobile-1.0.1\demos\docs\pages\touchoverflow.html"/>
    <FilePath Value="www\static\jquery.mobile-1.0.1\demos\docs\pages\transition-success.html"/>
    <FilePath Value="www\static\jquery.mobile-1.0.1\demos\docs\pages\docs-links-urltest\index.html"/>
    <FilePath Value="www\static\jquery.mobile-1.0.1\demos\docs\pages\dynamic-samples\animals.html"/>
    <FilePath Value="www\static\jquery.mobile-1.0.1\demos\docs\pages\dynamic-samples\category.php"/>
    <FilePath Value="www\static\jquery.mobile-1.0.1\demos\docs\pages\dynamic-samples\colors.html"/>
    <FilePath Value="www\static\jquery.mobile-1.0.1\demos\docs\pages\dynamic-samples\index.html"/>
    <FilePath Value="www\static\jquery.mobile-1.0.1\demos\docs\pages\dynamic-samples\sample-reuse-page-external.html"/>
    <FilePath Value="www\static\jquery.mobile-1.0.1\demos\docs\pages\dynamic-samples\sample-reuse-page.html"/>
    <FilePath Value="www\static\jquery.mobile-1.0.1\demos\docs\pages\dynamic-samples\vehicles.html"/>
    <FilePath Value="www\static\jquery.mobile-1.0.1\demos\docs\pages\pages-themes\theme-a.html"/>
    <FilePath Value="www\static\jquery.mobile-1.0.1\demos\docs\pages\pages-themes\theme-b.html"/>
    <FilePath Value="www\static\jquery.mobile-1.0.1\demos\docs\pages\pages-themes\theme-c.html"/>
    <FilePath Value="www\static\jquery.mobile-1.0.1\demos\docs\pages\pages-themes\theme-d.html"/>
    <FilePath Value="www\static\jquery.mobile-1.0.1\demos\docs\pages\pages-themes\theme-e.html"/>
    <FilePath Value="www\static\jquery.mobile-1.0.1\demos\docs\toolbars\bars-fixed.html"/>
    <FilePath Value="www\static\jquery.mobile-1.0.1\demos\docs\toolbars\bars-fullscreen.html"/>
    <FilePath Value="www\static\jquery.mobile-1.0.1\demos\docs\toolbars\bars-themes.html"/>
    <FilePath Value="www\static\jquery.mobile-1.0.1\demos\docs\toolbars\docs-bars.html"/>
    <FilePath Value="www\static\jquery.mobile-1.0.1\demos\docs\toolbars\docs-footers.html"/>
    <FilePath Value="www\static\jquery.mobile-1.0.1\demos\docs\toolbars\docs-headers.html"/>
    <FilePath Value="www\static\jquery.mobile-1.0.1\demos\docs\toolbars\docs-navbar.html"/>
    <FilePath Value="www\static\jquery.mobile-1.0.1\demos\docs\toolbars\footer-persist-a.html"/>
    <FilePath Value="www\static\jquery.mobile-1.0.1\demos\docs\toolbars\footer-persist-b.html"/>
    <FilePath Value="www\static\jquery.mobile-1.0.1\demos\docs\toolbars\footer-persist-c.html"/>
    <FilePath Value="www\static\jquery.mobile-1.0.1\demos\docs\toolbars\index.html"/>
    <FilePath Value="www\static\jquery.mobile-1.0.1\demos\docs\toolbars\glyphish-icons\09-chat2.png"/>
    <FilePath Value="www\static\jquery.mobile-1.0.1\demos\docs\toolbars\glyphish-icons\100-coffee.png"/>
    <FilePath Value="www\static\jquery.mobile-1.0.1\demos\docs\toolbars\glyphish-icons\18-envelope.png"/>
    <FilePath Value="www\static\jquery.mobile-1.0.1\demos\docs\toolbars\glyphish-icons\19-gear.png"/>
    <FilePath Value="www\static\jquery.mobile-1.0.1\demos\docs\toolbars\glyphish-icons\21-skull.png"/>
    <FilePath Value="www\static\jquery.mobile-1.0.1\demos\docs\toolbars\glyphish-icons\30-key.png"/>
    <FilePath Value="www\static\jquery.mobile-1.0.1\demos\docs\toolbars\glyphish-icons\34-coffee.png"/>
    <FilePath Value="www\static\jquery.mobile-1.0.1\demos\docs\toolbars\glyphish-icons\88-beermug.png"/>
    <FilePath Value="www\static\jquery.mobile-1.0.1\demos\docs\toolbars\glyphish-icons\Read me first - license.txt"/>
    <FilePath Value="www\static\jquery.mobile-1.0.1\demos\docs\toolbars\images\photo-run.jpeg"/>
    <FilePath Value="www\static\jquery.mobile-1.0.1\demos\docs\_assets\css\jqm-docs.css"/>
    <FilePath Value="www\static\jquery.mobile-1.0.1\demos\docs\_assets\images\ios_icon.png"/>
    <FilePath Value="www\static\jquery.mobile-1.0.1\demos\docs\_assets\images\ios_startup.png"/>
    <FilePath Value="www\static\jquery.mobile-1.0.1\demos\docs\_assets\images\jqm-sitebg.png"/>
    <FilePath Value="www\static\jquery.mobile-1.0.1\demos\docs\_assets\images\jquery-logo.png"/>
    <FilePath Value="www\static\jquery.mobile-1.0.1\demos\docs\_assets\images\mobile-devices.png"/>
    <FilePath Value="www\static\jquery.mobile-1.0.1\demos\docs\_assets\images\px-ccc.gif"/>
    <FilePath Value="www\static\jquery.mobile-1.0.1\demos\docs\_assets\images\themroller-mobile-logo.png"/>
    <FilePath Value="www\static\jquery.mobile-1.0.1\demos\docs\_assets\images\version.png"/>
    <FilePath Value="www\static\jquery.mobile-1.0.1\demos\docs\_assets\js\jqm-docs.js"/>
    <FilePath Value="www\static\jquery.mobile-1.0.1\demos\docs\_assets\js\_viewsource.js"/>
    <FilePath Value="www\static\jquery.mobile-1.0.1\demos\experiments\converter\.htaccess"/>
    <FilePath Value="www\static\jquery.mobile-1.0.1\demos\experiments\converter\application.js"/>
    <FilePath Value="www\static\jquery.mobile-1.0.1\demos\experiments\converter\cache.manifest"/>
    <FilePath Value="www\static\jquery.mobile-1.0.1\demos\experiments\converter\converter.css"/>
    <FilePath Value="www\static\jquery.mobile-1.0.1\demos\experiments\converter\index.html"/>
    <FilePath Value="www\static\jquery.mobile-1.0.1\demos\experiments\converter\jquery.tmpl.js"/>
    <FilePath Value="www\static\jquery.mobile-1.0.1\demos\experiments\converter\storage.js"/>
    <FilePath Value="www\static\jquery.mobile-1.0.1\demos\experiments\google-maps\index.html"/>
    <FilePath Value="www\static\jquery.mobile-1.0.1\demos\experiments\google-maps\map.css"/>
    <FilePath Value="www\static\jquery.mobile-1.0.1\demos\experiments\google-maps\map.html"/>
    <FilePath Value="www\static\jquery.mobile-1.0.1\demos\experiments\google-maps\map.js"/>
    <FilePath Value="www\static\jquery.mobile-1.0.1\demos\experiments\scrollview\index.html"/>
    <FilePath Value="www\static\jquery.mobile-1.0.1\demos\experiments\scrollview\jquery.easing.1.3.js"/>
    <FilePath Value="www\static\jquery.mobile-1.0.1\demos\experiments\scrollview\jquery.mobile.scrollview.css"/>
    <FilePath Value="www\static\jquery.mobile-1.0.1\demos\experiments\scrollview\jquery.mobile.scrollview.js"/>
    <FilePath Value="www\static\jquery.mobile-1.0.1\demos\experiments\scrollview\lists-divider.html"/>
    <FilePath Value="www\static\jquery.mobile-1.0.1\demos\experiments\scrollview\scrollview-direction.html"/>
    <FilePath Value="www\static\jquery.mobile-1.0.1\demos\experiments\scrollview\scrollview-nested.html"/>
    <FilePath Value="www\static\jquery.mobile-1.0.1\demos\experiments\scrollview\scrollview.js"/>
    <FilePath Value="www\static\jquery.mobile-1.0.1\demos\experiments\scrollview\sv-test-01.html"/>
    <FilePath Value="www\static\jquery.mobile-1.0.1\demos\experiments\scrollview\sv-test-02.html"/>
    <FilePath Value="www\static\jquery.mobile-1.0.1\demos\experiments\themeswitcher\jquery.mobile.themeswitcher.js"/>
    <FilePath Value="www\static\jquery.mobile-1.0.1\demos\experiments\weather\index.php"/>
    <FilePath Value="www\static\jquery.mobile-1.0.1\demos\external\qunit.css"/>
    <FilePath Value="www\static\jquery.mobile-1.0.1\demos\external\qunit.js"/>
    <FilePath Value="www\static\jquery.mobile-1.0.1\demos\images\ajax-loader.png"/>
    <FilePath Value="www\static\jquery.mobile-1.0.1\demos\images\icons-18-black.png"/>
    <FilePath Value="www\static\jquery.mobile-1.0.1\demos\images\icons-18-white.png"/>
    <FilePath Value="www\static\jquery.mobile-1.0.1\demos\images\icons-36-black.png"/>
    <FilePath Value="www\static\jquery.mobile-1.0.1\demos\images\icons-36-white.png"/>
    <FilePath Value="www\static\jquery.mobile-1.0.1\demos\tests\jquery.testHelper.js"/>
    <FilePath Value="www\static\jquery.mobile-1.0.1\demos\tests\functional\addrbar.html"/>
    <FilePath Value="www\static\jquery.mobile-1.0.1\demos\tests\functional\eventlogger.html"/>
    <FilePath Value="www\static\jquery.mobile-1.0.1\demos\tests\functional\gridlayout.html"/>
    <FilePath Value="www\static\jquery.mobile-1.0.1\demos\tests\functional\orientation.html"/>
    <FilePath Value="www\static\jquery.mobile-1.0.1\demos\tests\speed\basic-page.html"/>
    <FilePath Value="www\static\jquery.mobile-1.0.1\demos\tests\speed\lists-ul-record.php"/>
    <FilePath Value="www\static\jquery.mobile-1.0.1\demos\tests\speed\lists-ul.html"/>
    <FilePath Value="www\static\jquery.mobile-1.0.1\demos\tests\speed\stats\index.php"/>
    <FilePath Value="www\static\jquery.mobile-1.0.1\demos\tests\speed\stats\perf.js"/>
    <FilePath Value="www\static\jquery.mobile-1.0.1\demos\tests\speed\stats\rev.php"/>
    <FilePath Value="www\static\jquery.mobile-1.0.1\demos\tests\speed\stats\startup.js"/>
    <FilePath Value="www\static\jquery.mobile-1.0.1\demos\tests\speed\stats\visualize\index.html"/>
    <FilePath Value="www\static\jquery.mobile-1.0.1\demos\tests\speed\stats\visualize\visualize.css"/>
    <FilePath Value="www\static\jquery.mobile-1.0.1\demos\tests\speed\stats\visualize\visualize.js"/>
    <FilePath Value="www\static\jquery.mobile-1.0.1\demos\tests\unit\index.php"/>
    <FilePath Value="www\static\jquery.mobile-1.0.1\demos\tests\unit\jquery.setNameSpace.js"/>
    <FilePath Value="www\static\jquery.mobile-1.0.1\demos\tests\unit\ls.php"/>
    <FilePath Value="www\static\jquery.mobile-1.0.1\demos\tests\unit\runner.js"/>
    <FilePath Value="www\static\jquery.mobile-1.0.1\demos\tests\unit\swarminject.js"/>
    <FilePath Value="www\static\jquery.mobile-1.0.1\demos\tests\unit\button\button_core.js"/>
    <FilePath Value="www\static\jquery.mobile-1.0.1\demos\tests\unit\button\index.html"/>
    <FilePath Value="www\static\jquery.mobile-1.0.1\demos\tests\unit\buttonMarkup\buttonMarkup_core.js"/>
    <FilePath Value="www\static\jquery.mobile-1.0.1\demos\tests\unit\buttonMarkup\index.html"/>
    <FilePath Value="www\static\jquery.mobile-1.0.1\demos\tests\unit\checkboxradio\checkboxradio_core.js"/>
    <FilePath Value="www\static\jquery.mobile-1.0.1\demos\tests\unit\checkboxradio\index.html"/>
    <FilePath Value="www\static\jquery.mobile-1.0.1\demos\tests\unit\collapsible\collapsible_core.js"/>
    <FilePath Value="www\static\jquery.mobile-1.0.1\demos\tests\unit\collapsible\index.html"/>
    <FilePath Value="www\static\jquery.mobile-1.0.1\demos\tests\unit\controlgroup\controlgroup_core.js"/>
    <FilePath Value="www\static\jquery.mobile-1.0.1\demos\tests\unit\controlgroup\index.html"/>
    <FilePath Value="www\static\jquery.mobile-1.0.1\demos\tests\unit\core\core.js"/>
    <FilePath Value="www\static\jquery.mobile-1.0.1\demos\tests\unit\core\core_scroll.js"/>
    <FilePath Value="www\static\jquery.mobile-1.0.1\demos\tests\unit\core\index.html"/>
    <FilePath Value="www\static\jquery.mobile-1.0.1\demos\tests\unit\degradeInputs\degradeInputs.js"/>
    <FilePath Value="www\static\jquery.mobile-1.0.1\demos\tests\unit\degradeInputs\index.html"/>
    <FilePath Value="www\static\jquery.mobile-1.0.1\demos\tests\unit\dialog\dialog_events.js"/>
    <FilePath Value="www\static\jquery.mobile-1.0.1\demos\tests\unit\dialog\index.html"/>
    <FilePath Value="www\static\jquery.mobile-1.0.1\demos\tests\unit\event\event_core.js"/>
    <FilePath Value="www\static\jquery.mobile-1.0.1\demos\tests\unit\event\index.html"/>
    <FilePath Value="www\static\jquery.mobile-1.0.1\demos\tests\unit\fieldContain\fieldContain_events.js"/>
    <FilePath Value="www\static\jquery.mobile-1.0.1\demos\tests\unit\fieldContain\index.html"/>
    <FilePath Value="www\static\jquery.mobile-1.0.1\demos\tests\unit\init\dialog-load-test.html"/>
    <FilePath Value="www\static\jquery.mobile-1.0.1\demos\tests\unit\init\index.html"/>
    <FilePath Value="www\static\jquery.mobile-1.0.1\demos\tests\unit\init\init_core.js"/>
    <FilePath Value="www\static\jquery.mobile-1.0.1\demos\tests\unit\init\init_core_nopage.js"/>
    <FilePath Value="www\static\jquery.mobile-1.0.1\demos\tests\unit\init\init_dialog.js"/>
    <FilePath Value="www\static\jquery.mobile-1.0.1\demos\tests\unit\init\nopage.html"/>
    <FilePath Value="www\static\jquery.mobile-1.0.1\demos\tests\unit\listview\index.html"/>
    <FilePath Value="www\static\jquery.mobile-1.0.1\demos\tests\unit\listview\listview_core.js"/>
    <FilePath Value="www\static\jquery.mobile-1.0.1\demos\tests\unit\listview\listview_pushstate.js"/>
    <FilePath Value="www\static\jquery.mobile-1.0.1\demos\tests\unit\listview\pushstate-tests.html"/>
    <FilePath Value="www\static\jquery.mobile-1.0.1\demos\tests\unit\listview\cache-tests\cached-nested.html"/>
    <FilePath Value="www\static\jquery.mobile-1.0.1\demos\tests\unit\listview\cache-tests\clear.html"/>
    <FilePath Value="www\static\jquery.mobile-1.0.1\demos\tests\unit\listview\cache-tests\uncached-nested.html"/>
    <FilePath Value="www\static\jquery.mobile-1.0.1\demos\tests\unit\media\index.html"/>
    <FilePath Value="www\static\jquery.mobile-1.0.1\demos\tests\unit\media\media_core.js"/>
    <FilePath Value="www\static\jquery.mobile-1.0.1\demos\tests\unit\navbar\index.html"/>
    <FilePath Value="www\static\jquery.mobile-1.0.1\demos\tests\unit\navbar\navbar_core.js"/>
    <FilePath Value="www\static\jquery.mobile-1.0.1\demos\tests\unit\navigation\base-tests.html"/>
    <FilePath Value="www\static\jquery.mobile-1.0.1\demos\tests\unit\navigation\cached-external.html"/>
    <FilePath Value="www\static\jquery.mobile-1.0.1\demos\tests\unit\navigation\external.html"/>
    <FilePath Value="www\static\jquery.mobile-1.0.1\demos\tests\unit\navigation\file.html"/>
    <FilePath Value="www\static\jquery.mobile-1.0.1\demos\tests\unit\navigation\index.html"/>
    <FilePath Value="www\static\jquery.mobile-1.0.1\demos\tests\unit\navigation\navigation_base.js"/>
    <FilePath Value="www\static\jquery.mobile-1.0.1\demos\tests\unit\navigation\navigation_core.js"/>
    <FilePath Value="www\static\jquery.mobile-1.0.1\demos\tests\unit\navigation\navigation_dialog_pushstate.js"/>
    <FilePath Value="www\static\jquery.mobile-1.0.1\demos\tests\unit\navigation\navigation_helpers.js"/>
    <FilePath Value="www\static\jquery.mobile-1.0.1\demos\tests\unit\navigation\navigation_paths.js"/>
    <FilePath Value="www\static\jquery.mobile-1.0.1\demos\tests\unit\navigation\navigation_transitions.js"/>
    <FilePath Value="www\static\jquery.mobile-1.0.1\demos\tests\unit\navigation\prefetched-dialog.html"/>
    <FilePath Value="www\static\jquery.mobile-1.0.1\demos\tests\unit\navigation\prefetched.html"/>
    <FilePath Value="www\static\jquery.mobile-1.0.1\demos\tests\unit\navigation\push-state-dialog-tests.html"/>
    <FilePath Value="www\static\jquery.mobile-1.0.1\demos\tests\unit\navigation\push-state-disabled-base-tests.html"/>
    <FilePath Value="www\static\jquery.mobile-1.0.1\demos\tests\unit\navigation\push-state-disabled-tests.html"/>
    <FilePath Value="www\static\jquery.mobile-1.0.1\demos\tests\unit\navigation\title1.html"/>
    <FilePath Value="www\static\jquery.mobile-1.0.1\demos\tests\unit\navigation\title2.html"/>
    <FilePath Value="www\static\jquery.mobile-1.0.1\demos\tests\unit\navigation\title3.html"/>
    <FilePath Value="www\static\jquery.mobile-1.0.1\demos\tests\unit\navigation\base-tests\app-base\base-page-1.html"/>
    <FilePath Value="www\static\jquery.mobile-1.0.1\demos\tests\unit\navigation\base-tests\app-base\base-page-2.html"/>
    <FilePath Value="www\static\jquery.mobile-1.0.1\demos\tests\unit\navigation\base-tests\content\content-page-1.html"/>
    <FilePath Value="www\static\jquery.mobile-1.0.1\demos\tests\unit\navigation\base-tests\content\content-page-2.html"/>
    <FilePath Value="www\static\jquery.mobile-1.0.1\demos\tests\unit\navigation\data-url-tests\data-url.html"/>
    <FilePath Value="www\static\jquery.mobile-1.0.1\demos\tests\unit\navigation\data-url-tests\nested.html"/>
    <FilePath Value="www\static\jquery.mobile-1.0.1\demos\tests\unit\navigation\data-url-tests\non-data-url.html"/>
    <FilePath Value="www\static\jquery.mobile-1.0.1\demos\tests\unit\navigation\data-url-tests\reverse-attr.html"/>
    <FilePath Value="www\static\jquery.mobile-1.0.1\demos\tests\unit\navigation\data-url-tests\single-quotes.html"/>
    <FilePath Value="www\static\jquery.mobile-1.0.1\demos\tests\unit\navigation\dialog-param-test\dialog-param.html"/>
    <FilePath Value="www\static\jquery.mobile-1.0.1\demos\tests\unit\navigation\form-tests\changepage-data.html"/>
    <FilePath Value="www\static\jquery.mobile-1.0.1\demos\tests\unit\navigation\form-tests\form-no-action.html"/>
    <FilePath Value="www\static\jquery.mobile-1.0.1\demos\tests\unit\navigation\path-tests\file.html"/>
    <FilePath Value="www\static\jquery.mobile-1.0.1\demos\tests\unit\navigation\path-tests\parent-ref.html"/>
    <FilePath Value="www\static\jquery.mobile-1.0.1\demos\tests\unit\navigation\path-tests\parent\index.html"/>
    <FilePath Value="www\static\jquery.mobile-1.0.1\demos\tests\unit\navigation\path-tests\sub-dir\file.html"/>
    <FilePath Value="www\static\jquery.mobile-1.0.1\demos\tests\unit\navigation\path-tests\sub-dir\index.html"/>
    <FilePath Value="www\static\jquery.mobile-1.0.1\demos\tests\unit\page\index.html"/>
    <FilePath Value="www\static\jquery.mobile-1.0.1\demos\tests\unit\page\page_core.js"/>
    <FilePath Value="www\static\jquery.mobile-1.0.1\demos\tests\unit\page-sections\index.html"/>
    <FilePath Value="www\static\jquery.mobile-1.0.1\demos\tests\unit\page-sections\page_core.js"/>
    <FilePath Value="www\static\jquery.mobile-1.0.1\demos\tests\unit\select\cached-dom-cache-true.html"/>
    <FilePath Value="www\static\jquery.mobile-1.0.1\demos\tests\unit\select\cached-tests.html"/>
    <FilePath Value="www\static\jquery.mobile-1.0.1\demos\tests\unit\select\cached.html"/>
    <FilePath Value="www\static\jquery.mobile-1.0.1\demos\tests\unit\select\index.html"/>
    <FilePath Value="www\static\jquery.mobile-1.0.1\demos\tests\unit\select\select_cached.js"/>
    <FilePath Value="www\static\jquery.mobile-1.0.1\demos\tests\unit\select\select_core.js"/>
    <FilePath Value="www\static\jquery.mobile-1.0.1\demos\tests\unit\select\select_events.js"/>
    <FilePath Value="www\static\jquery.mobile-1.0.1\demos\tests\unit\select\select_native.js"/>
    <FilePath Value="www\static\jquery.mobile-1.0.1\demos\tests\unit\select\suite.html"/>
    <FilePath Value="www\static\jquery.mobile-1.0.1\demos\tests\unit\select\uncached-dom-cached-false.html"/>
    <FilePath Value="www\static\jquery.mobile-1.0.1\demos\tests\unit\slider\index.html"/>
    <FilePath Value="www\static\jquery.mobile-1.0.1\demos\tests\unit\slider\slider_core.js"/>
    <FilePath Value="www\static\jquery.mobile-1.0.1\demos\tests\unit\slider\slider_events.js"/>
    <FilePath Value="www\static\jquery.mobile-1.0.1\demos\tests\unit\support\index.html"/>
    <FilePath Value="www\static\jquery.mobile-1.0.1\demos\tests\unit\support\support_core.js"/>
    <FilePath Value="www\static\jquery.mobile-1.0.1\demos\tests\unit\textinput\external.html"/>
    <FilePath Value="www\static\jquery.mobile-1.0.1\demos\tests\unit\textinput\index.html"/>
    <FilePath Value="www\static\jquery.mobile-1.0.1\demos\tests\unit\textinput\textinput_core.js"/>
    <FilePath Value="www\static\jquery.mobile-1.0.1\demos\tests\unit\widget\index.html"/>
    <FilePath Value="www\static\jquery.mobile-1.0.1\demos\tests\unit\widget\widget_core.js"/>
    <FilePath Value="www\static\jquery.mobile-1.0.1\demos\tests\unit\widget\widget_init.js"/>
    <FilePath Value="www\static\jquery.mobile-1.0.1\images\ajax-loader.png"/>
    <FilePath Value="www\static\jquery.mobile-1.0.1\images\icons-18-black.png"/>
    <FilePath Value="www\static\jquery.mobile-1.0.1\images\icons-18-white.png"/>
    <FilePath Value="www\static\jquery.mobile-1.0.1\images\icons-36-black.png"/>
    <FilePath Value="www\static\jquery.mobile-1.0.1\images\icons-36-white.png"/>
</GapSourceDictionary>
