<?xml version="1.0" encoding="utf-8" ?><dwsync><file name="docs-lists.html" server="students.depaul.edu" local="3410450800" remote="12001860660" /><file name="index.html" server="students.depaul.edu" local="3410450800" remote="12001860662" /><file name="lists-all-full.html" server="students.depaul.edu" local="3410450800" remote="12001860662" /><file name="lists-count.html" server="students.depaul.edu" local="3410450800" remote="12001860662" /><file name="lists-divider.html" server="students.depaul.edu" local="3410450800" remote="12001860662" /><file name="lists-formatting.html" server="students.depaul.edu" local="3410450800" remote="12001860663" /><file name="lists-forms-inset.html" server="students.depaul.edu" local="3410450800" remote="12001860663" /><file name="lists-forms.html" server="students.depaul.edu" local="3410450800" remote="12001860663" /><file name="lists-icons.html" server="students.depaul.edu" local="3410450800" remote="12001860663" /><file name="lists-inset.html" server="students.depaul.edu" local="3410450800" remote="12001860663" /><file name="lists-nested.html" server="students.depaul.edu" local="3410450800" remote="12001860663" /><file name="lists-ol.html" server="students.depaul.edu" local="3410450800" remote="12001860663" /><file name="lists-performance.html" server="students.depaul.edu" local="3410450800" remote="12001860663" /><file name="lists-readonly-inset.html" server="students.depaul.edu" local="3410450800" remote="12001860664" /><file name="lists-readonly.html" server="students.depaul.edu" local="3410450800" remote="12001860664" /><file name="lists-search-filtertext.html" server="students.depaul.edu" local="3410450800" remote="12001860664" /><file name="lists-search-inset.html" server="students.depaul.edu" local="3410450800" remote="12001860664" /><file name="lists-search-with-dividers.html" server="students.depaul.edu" local="3410450800" remote="12001860664" /><file name="lists-search.html" server="students.depaul.edu" local="3410450800" remote="12001860664" /><file name="lists-split-purchase.html" server="students.depaul.edu" local="3410450800" remote="12001860664" /><file name="lists-split.html" server="students.depaul.edu" local="3410450800" remote="12001860664" /><file name="lists-themes.html" server="students.depaul.edu" local="3410450800" remote="12001860664" /><file name="lists-thumbnails.html" server="students.depaul.edu" local="3410450800" remote="12001860664" /><file name="lists-ul.html" server="students.depaul.edu" local="3410450800" remote="12001860665" /></dwsync>