<?xml version="1.0" encoding="utf-8" ?><dwsync><file name="album-af.jpg" server="students.depaul.edu" local="3410450800" remote="12001860660" /><file name="album-ag.jpg" server="students.depaul.edu" local="3410450800" remote="12001860660" /><file name="album-bb.jpg" server="students.depaul.edu" local="3410450800" remote="12001860660" /><file name="album-bk.jpg" server="students.depaul.edu" local="3410450800" remote="12001860660" /><file name="album-hc.jpg" server="students.depaul.edu" local="3410450800" remote="12001860660" /><file name="album-k.jpg" server="students.depaul.edu" local="3410450800" remote="12001860661" /><file name="album-mg.jpg" server="students.depaul.edu" local="3410450800" remote="12001860661" /><file name="album-ok.jpg" server="students.depaul.edu" local="3410450800" remote="12001860661" /><file name="album-p.jpg" server="students.depaul.edu" local="3410450800" remote="12001860661" /><file name="album-rh.jpg" server="students.depaul.edu" local="3410450800" remote="12001860661" /><file name="album-ws.jpg" server="students.depaul.edu" local="3410450800" remote="12001860661" /><file name="album-xx.jpg" server="students.depaul.edu" local="3410450800" remote="12001860661" /><file name="de.png" server="students.depaul.edu" local="3410450800" remote="12001860661" /><file name="fi.png" server="students.depaul.edu" local="3410450800" remote="12001860661" /><file name="gb.png" server="students.depaul.edu" local="3410450800" remote="12001860662" /><file name="gf.png" server="students.depaul.edu" local="3410450800" remote="12001860662" /><file name="sj.png" server="students.depaul.edu" local="3410450800" remote="12001860662" /><file name="us.png" server="students.depaul.edu" local="3410450800" remote="12001860662" /></dwsync>